method,N,Âµ,NMI
Labelpropagation Algorithm, 250, 0.2, 0.7181832729864346
Labelpropagation Algorithm, 250, 0.1, 1.0
Labelpropagation Algorithm, 250, 0.30000000000000004, 0.0
Labelpropagation Algorithm, 250, 0.4, 0.0
Labelpropagation Algorithm, 250, 0.5, 0.0
Labelpropagation Algorithm, 250, 0.6, 0.0
Labelpropagation Algorithm, 250, 0.7000000000000001, 0.0
Labelpropagation Algorithm, 500, 0.2, 0.8275612084869952
Labelpropagation Algorithm, 500, 0.1, 0.9837637323929673
Labelpropagation Algorithm, 500, 0.30000000000000004, 0.8327152949060967
Labelpropagation Algorithm, 500, 0.4, 0.0
Labelpropagation Algorithm, 500, 0.5, 0.0
Labelpropagation Algorithm, 500, 0.6, 0.0
Labelpropagation Algorithm, 500, 0.7000000000000001, 0.0
Map Equation, 250, 0.2, 0.3487302196000849
Map Equation, 250, 0.1, 0.5074604992654932
Map Equation, 250, 0.4, 0.42898518723343837
Map Equation, 250, 0.30000000000000004, 0.23733152231251314
Map Equation, 250, 0.5, 0.22832962293479916
Map Equation, 250, 0.7000000000000001, 0.21853503135832575
Map Equation, 250, 0.6, 0.25565834315442937
Map Equation, 500, 0.2, 0.6408516996207153
Map Equation, 500, 0.1, 0.45644600072236446
Map Equation, 500, 0.30000000000000004, 0.5824082580750594
Map Equation, 500, 0.4, 0.43292039725425785
Map Equation, 500, 0.5, 0.3327161975284749
Map Equation, 500, 0.6, 0.2573989644079377
Louvain Algorithm, 250, 0.1, 1.0
Louvain Algorithm, 250, 0.2, 1.0
Louvain Algorithm, 250, 0.30000000000000004, 0.991106828099744
Louvain Algorithm, 250, 0.4, 0.8516911167368469
Louvain Algorithm, 250, 0.5, 0.3165804653098184
Louvain Algorithm, 250, 0.6, 0.1689367956777772
Louvain Algorithm, 250, 0.7000000000000001, 0.06701652811254746
Louvain Algorithm, 500, 0.1, 1.0000000000000002
Louvain Algorithm, 500, 0.2, 1.0
Louvain Algorithm, 500, 0.30000000000000004, 0.9834871617270223
Map Equation, 500, 0.7000000000000001, 0.2506898253991895
Louvain Algorithm, 500, 0.4, 0.9125843703254314
Louvain Algorithm, 500, 0.6, 0.19805774437945917
Louvain Algorithm, 500, 0.5, 0.5920591516441024
Coverage Maximization, 250, 0.1, 1.0
Coverage Maximization, 250, 0.2, 0.5253909260742081
Coverage Maximization, 250, 0.30000000000000004, 0.4291086545444813
Coverage Maximization, 250, 0.4, 0.0
Coverage Maximization, 250, 0.5, 0.0
Coverage Maximization, 250, 0.6, 0.0
Coverage Maximization, 250, 0.7000000000000001, 0.0
Coverage Maximization, 500, 0.1, 0.9371959078765535
Coverage Maximization, 500, 0.2, 0.9020032479007787
Coverage Maximization, 500, 0.30000000000000004, 0.3355553629881658
Coverage Maximization, 500, 0.4, 0.0
Coverage Maximization, 500, 0.5, 0.0
Coverage Maximization, 500, 0.6, 0.0
Coverage Maximization, 500, 0.7000000000000001, 0.0
Labelpropagation Algorithm, 250, 0.1, 1.0
Labelpropagation Algorithm, 250, 0.2, 0.7853370804829116
Labelpropagation Algorithm, 250, 0.30000000000000004, 0.0
Labelpropagation Algorithm, 250, 0.4, 0.0
Labelpropagation Algorithm, 250, 0.5, 0.0
Labelpropagation Algorithm, 250, 0.6, 0.0
Labelpropagation Algorithm, 250, 0.7000000000000001, 0.0
Labelpropagation Algorithm, 500, 0.1, 0.9861891697122787
Labelpropagation Algorithm, 500, 0.2, 0.9660113048401888
Labelpropagation Algorithm, 500, 0.30000000000000004, 0.8056963947654588
Labelpropagation Algorithm, 500, 0.4, 0.0
Labelpropagation Algorithm, 500, 0.5, 0.0
Labelpropagation Algorithm, 500, 0.6, 0.0
Labelpropagation Algorithm, 500, 0.7000000000000001, 0.0
Map Equation, 250, 0.1, 0.49437892322051785
Louvain Algorithm, 500, 0.7000000000000001, 0.12849732808718398
Map Equation, 250, 0.2, 0.37461807110885875
Map Equation, 250, 0.30000000000000004, 0.49722396095264587
Map Equation, 250, 0.4, 0.2801721908819153
Map Equation, 250, 0.5, 0.24435742788895784
Map Equation, 250, 0.6, 0.17080794562960483
Map Equation, 250, 0.7000000000000001, 0.22085155941232815
Map Equation, 500, 0.2, 0.3303433044210744
Map Equation, 500, 0.1, 0.5055303942214151
Map Equation, 250, 0.1, 0.43069257191866994
Map Equation, 250, 0.2, 0.3201029090807491
Map Equation, 250, 0.30000000000000004, 0.21044569734077814
Map Equation, 250, 0.4, 0.4103442704683406
Map Equation, 250, 0.6, 0.25791648268753276
Map Equation, 250, 0.5, 0.20607788871740979
Map Equation, 250, 0.7000000000000001, 0.2268626177860632
Map Equation, 500, 0.1, 0.4361010425059646
Map Equation, 500, 0.2, 0.27146504179871905
Map Equation, 500, 0.30000000000000004, 0.4818932505557737
Map Equation, 500, 0.4, 0.4583297234606706
Map Equation, 500, 0.5, 0.3336011015243496
Map Equation, 500, 0.7000000000000001, 0.24041922387274056
Coverage Maximization, 250, 0.1, 0.8514937298764554
Coverage Maximization, 250, 0.2, 0.8306876393666859
Coverage Maximization, 250, 0.30000000000000004, 0.0
Coverage Maximization, 250, 0.4, 0.0
Coverage Maximization, 250, 0.5, 0.0
Coverage Maximization, 250, 0.6, 0.0
Coverage Maximization, 250, 0.7000000000000001, 0.0
Coverage Maximization, 500, 0.1, 0.8924142720757492
Coverage Maximization, 500, 0.2, 0.8596337894209379
Coverage Maximization, 500, 0.30000000000000004, 0.6129293728690927
Coverage Maximization, 500, 0.4, 0.0
Coverage Maximization, 500, 0.5, 0.0
Coverage Maximization, 500, 0.6, 0.0
Coverage Maximization, 500, 0.7000000000000001, 0.0
Map Equation, 250, 0.1, 0.46918740305716167
Map Equation, 500, 0.6, 0.27120809344517366
Map Equation, 250, 0.30000000000000004, 0.4826143518665126
Map Equation, 250, 0.2, 0.37501951659698474
Map Equation, 250, 0.5, 0.2263702126467972
Map Equation, 250, 0.4, 0.38849094621133856
Map Equation, 250, 0.7000000000000001, 0.12619866749461786
Map Equation, 250, 0.6, 0.26145268081846423
Map Equation, 500, 0.1, 0.6653559887637255
Map Equation, 500, 0.2, 0.36675812287613685
Map Equation, 500, 0.30000000000000004, 0.5017709779372643
Map Equation, 250, 0.1, 0.493411320775353
Map Equation, 250, 0.2, 0.33423886424419386
Map Equation, 250, 0.4, 0.1379768725472773
Map Equation, 250, 0.30000000000000004, 0.22525590309693247
Map Equation, 250, 0.5, 0.3198118737949848
Map Equation, 250, 0.6, 0.15016297652490918
Map Equation, 250, 0.7000000000000001, 0.14251285451999296
Map Equation, 500, 0.1, 0.6204935163611536
Map Equation, 500, 0.2, 0.6380977184300122
Map Equation, 500, 0.30000000000000004, 0.5608765253929799
Map Equation, 500, 0.4, 0.4965255612191702
Map Equation, 500, 0.5, 0.3316931269703472
Map Equation, 500, 0.6, 0.286077793847966
Coverage Maximization, 250, 0.1, 0.8946014583446757
Coverage Maximization, 250, 0.2, 0.6809061648448486
Coverage Maximization, 250, 0.30000000000000004, 0.0
Coverage Maximization, 250, 0.4, 0.0
Coverage Maximization, 250, 0.5, 0.0
Coverage Maximization, 250, 0.6, 0.0
Coverage Maximization, 250, 0.7000000000000001, 0.0
Coverage Maximization, 500, 0.1, 0.9614263068890552
Coverage Maximization, 500, 0.2, 0.9655732469400052
Coverage Maximization, 500, 0.30000000000000004, 0.8730994600559998
Coverage Maximization, 500, 0.4, 0.0
Coverage Maximization, 500, 0.5, 0.0
Coverage Maximization, 500, 0.6, 0.0
Coverage Maximization, 500, 0.7000000000000001, 0.0
Map Equation, 250, 0.1, 0.49163126768938825
Map Equation, 250, 0.2, 0.3839401219002027
Map Equation, 250, 0.30000000000000004, 0.20383651171827977
Map Equation, 500, 0.7000000000000001, 0.3439905954504699
Map Equation, 250, 0.4, 0.3119940786318929
Map Equation, 250, 0.5, 0.213484473859946
Map Equation, 250, 0.6, 0.02781193885399655
Map Equation, 250, 0.7000000000000001, 0.24506728228934352
Map Equation, 500, 0.1, 0.5945494914817172
Map Equation, 500, 0.2, 0.3232342377167642
Map Equation, 500, 0.30000000000000004, 0.4808276549535399
Map Equation, 500, 0.4, 0.49462035167251883
Map Equation, 500, 0.5, 0.3530456027159899
Labelpropagation Algorithm, 250, 0.2, 0.957787117147038
Labelpropagation Algorithm, 250, 0.30000000000000004, 0.643673251722072
Labelpropagation Algorithm, 250, 0.1, 0.9552392553111235
Labelpropagation Algorithm, 250, 0.4, 0.0
Labelpropagation Algorithm, 250, 0.5, 0.0
Labelpropagation Algorithm, 250, 0.6, 0.0
Labelpropagation Algorithm, 250, 0.7000000000000001, 0.0
Labelpropagation Algorithm, 500, 0.2, 0.9761698299075873
Labelpropagation Algorithm, 500, 0.1, 1.0000000000000002
Labelpropagation Algorithm, 500, 0.30000000000000004, 0.8101798188573064
Labelpropagation Algorithm, 500, 0.4, 0.0
Labelpropagation Algorithm, 500, 0.6, 0.0
Labelpropagation Algorithm, 500, 0.5, 0.0
Labelpropagation Algorithm, 500, 0.7000000000000001, 0.0
Louvain Algorithm, 250, 0.1, 1.0
Louvain Algorithm, 250, 0.2, 1.0
Louvain Algorithm, 250, 0.30000000000000004, 0.9911068280997439
Louvain Algorithm, 250, 0.4, 0.7384436489269922
Louvain Algorithm, 250, 0.5, 0.31920566054424016
Louvain Algorithm, 250, 0.6, 0.10374286240583673
Louvain Algorithm, 500, 0.1, 1.0000000000000002
Louvain Algorithm, 250, 0.7000000000000001, 0.07593825688549485
Louvain Algorithm, 500, 0.2, 1.0
Louvain Algorithm, 500, 0.30000000000000004, 0.9967972841325322
Louvain Algorithm, 500, 0.4, 0.8456734454089594
Louvain Algorithm, 500, 0.5, 0.5629585250224927
Louvain Algorithm, 500, 0.6, 0.2195681162769229
Labelpropagation Algorithm, 250, 0.1, 0.9477792753401777
Labelpropagation Algorithm, 250, 0.2, 0.8419385814146243
Labelpropagation Algorithm, 250, 0.30000000000000004, 0.7508298683348821
Labelpropagation Algorithm, 250, 0.4, 0.0
Labelpropagation Algorithm, 250, 0.5, 0.0
Labelpropagation Algorithm, 250, 0.6, 0.0
Labelpropagation Algorithm, 250, 0.7000000000000001, 0.0
Labelpropagation Algorithm, 500, 0.1, 0.9837637323929673
Labelpropagation Algorithm, 500, 0.2, 1.0
Labelpropagation Algorithm, 500, 0.30000000000000004, 0.8849564331494273
Labelpropagation Algorithm, 500, 0.4, 0.0
Labelpropagation Algorithm, 500, 0.5, 0.0
Labelpropagation Algorithm, 500, 0.6, 0.0
Labelpropagation Algorithm, 500, 0.7000000000000001, 0.0
Louvain Algorithm, 250, 0.1, 1.0
Louvain Algorithm, 250, 0.2, 1.0
Louvain Algorithm, 250, 0.30000000000000004, 0.991106828099744
Louvain Algorithm, 250, 0.4, 0.8310630965861723
Louvain Algorithm, 250, 0.5, 0.3507812034671184
Louvain Algorithm, 500, 0.7000000000000001, 0.09783053362345215
Louvain Algorithm, 250, 0.7000000000000001, 0.05941420830431229
Louvain Algorithm, 250, 0.6, 0.16657604784989763
Louvain Algorithm, 500, 0.1, 1.0000000000000002
Louvain Algorithm, 500, 0.2, 1.0000000000000002
Louvain Algorithm, 500, 0.30000000000000004, 0.9967972841325322
Louvain Algorithm, 500, 0.4, 0.8849737472965352
Louvain Algorithm, 500, 0.5, 0.5697682254574862
Louvain Algorithm, 500, 0.6, 0.19175727438650755
Labelpropagation Algorithm, 250, 0.1, 0.9050990249950944
Labelpropagation Algorithm, 250, 0.2, 1.0
Labelpropagation Algorithm, 250, 0.30000000000000004, 0.7181832729864346
Labelpropagation Algorithm, 250, 0.4, 0.0
Labelpropagation Algorithm, 250, 0.5, 0.0
Labelpropagation Algorithm, 250, 0.6, 0.0
Labelpropagation Algorithm, 250, 0.7000000000000001, 0.0
Labelpropagation Algorithm, 500, 0.1, 0.9840705211855967
Labelpropagation Algorithm, 500, 0.2, 0.9167290211373981
Labelpropagation Algorithm, 500, 0.30000000000000004, 0.9417623158123715
Labelpropagation Algorithm, 500, 0.4, 0.0
Labelpropagation Algorithm, 500, 0.5, 0.0
Labelpropagation Algorithm, 500, 0.6, 0.0
Labelpropagation Algorithm, 500, 0.7000000000000001, 0.0
Louvain Algorithm, 250, 0.1, 1.0
Louvain Algorithm, 250, 0.2, 1.0
Louvain Algorithm, 250, 0.30000000000000004, 0.9911068280997439
Louvain Algorithm, 250, 0.4, 0.8266042248054578
Louvain Algorithm, 250, 0.5, 0.374664588732724
Louvain Algorithm, 250, 0.6, 0.1010208959754819
Louvain Algorithm, 500, 0.7000000000000001, 0.11852904171044627
Louvain Algorithm, 500, 0.1, 1.0000000000000002
Louvain Algorithm, 250, 0.7000000000000001, 0.053857802747883765
Louvain Algorithm, 500, 0.2, 1.0
Louvain Algorithm, 500, 0.30000000000000004, 0.9967972841325322
Louvain Algorithm, 500, 0.4, 0.8963797897925688
Louvain Algorithm, 500, 0.5, 0.551357784435594
Louvain Algorithm, 500, 0.6, 0.2359623720001116
Labelpropagation Algorithm, 250, 0.1, 0.8981054814302826
Labelpropagation Algorithm, 250, 0.2, 0.957787117147038
Labelpropagation Algorithm, 250, 0.30000000000000004, 0.5538867632692135
Labelpropagation Algorithm, 250, 0.4, 0.0
Labelpropagation Algorithm, 250, 0.5, 0.0
Labelpropagation Algorithm, 250, 0.6, 0.0
Labelpropagation Algorithm, 250, 0.7000000000000001, 0.0
Labelpropagation Algorithm, 500, 0.1, 1.0000000000000002
Labelpropagation Algorithm, 500, 0.2, 0.9602377237924268
Labelpropagation Algorithm, 500, 0.30000000000000004, 0.8924349684638274
Labelpropagation Algorithm, 500, 0.4, 0.0
Labelpropagation Algorithm, 500, 0.5, 0.0
Labelpropagation Algorithm, 500, 0.6, 0.0
Labelpropagation Algorithm, 500, 0.7000000000000001, 0.0
Louvain Algorithm, 250, 0.1, 1.0
Louvain Algorithm, 250, 0.2, 1.0
Louvain Algorithm, 250, 0.30000000000000004, 0.991106828099744
Louvain Algorithm, 500, 0.7000000000000001, 0.09515131180571183
Louvain Algorithm, 250, 0.4, 0.7971990005165943
Louvain Algorithm, 250, 0.6, 0.17319035984500925
Louvain Algorithm, 250, 0.5, 0.3372137338463334
Louvain Algorithm, 500, 0.1, 1.0000000000000002
Louvain Algorithm, 250, 0.7000000000000001, 0.060490532919443514
Louvain Algorithm, 500, 0.2, 1.0
Louvain Algorithm, 500, 0.30000000000000004, 0.9808140995885808
Louvain Algorithm, 500, 0.4, 0.9139958325944832
Louvain Algorithm, 500, 0.5, 0.5889203110692033
Labelpropagation Algorithm, 250, 0.2, 0.8946014583446757
Labelpropagation Algorithm, 250, 0.30000000000000004, 0.0
Labelpropagation Algorithm, 250, 0.1, 1.0
Labelpropagation Algorithm, 250, 0.5, 0.0
Labelpropagation Algorithm, 250, 0.4, 0.0
Labelpropagation Algorithm, 250, 0.7000000000000001, 0.0
Labelpropagation Algorithm, 250, 0.6, 0.0
Labelpropagation Algorithm, 500, 0.2, 0.9815094484432196
Labelpropagation Algorithm, 500, 0.1, 1.0000000000000002
Labelpropagation Algorithm, 500, 0.30000000000000004, 0.8353582887726434
Labelpropagation Algorithm, 500, 0.4, 0.0
Labelpropagation Algorithm, 500, 0.5, 0.0
Labelpropagation Algorithm, 500, 0.6, 0.0
Labelpropagation Algorithm, 500, 0.7000000000000001, 0.0
Louvain Algorithm, 250, 0.1, 1.0
Louvain Algorithm, 250, 0.2, 0.9528136106609103
Louvain Algorithm, 250, 0.30000000000000004, 0.9911068280997443
Louvain Algorithm, 250, 0.4, 0.8025544861130367
Louvain Algorithm, 250, 0.5, 0.3348419844587289
Louvain Algorithm, 250, 0.6, 0.1327026348261013
Louvain Algorithm, 250, 0.7000000000000001, 0.07384211474365379
Louvain Algorithm, 500, 0.1, 1.0000000000000002
Louvain Algorithm, 500, 0.2, 0.9856075961188708
Louvain Algorithm, 500, 0.30000000000000004, 0.9935824542127208
Louvain Algorithm, 500, 0.4, 0.9093879738555871
Louvain Algorithm, 500, 0.5, 0.5613075909891297
Louvain Algorithm, 500, 0.6, 0.26112824839399507
Labelpropagation Algorithm, 250, 0.1, 1.0
Labelpropagation Algorithm, 250, 0.2, 0.6230769587453994
Labelpropagation Algorithm, 250, 0.30000000000000004, 0.0
Labelpropagation Algorithm, 250, 0.4, 0.0
Labelpropagation Algorithm, 250, 0.5, 0.0
Labelpropagation Algorithm, 250, 0.6, 0.0
Labelpropagation Algorithm, 250, 0.7000000000000001, 0.0
Labelpropagation Algorithm, 500, 0.1, 1.0000000000000002
Labelpropagation Algorithm, 500, 0.2, 1.0
Labelpropagation Algorithm, 500, 0.30000000000000004, 0.797058668190874
Labelpropagation Algorithm, 500, 0.4, 0.0
Labelpropagation Algorithm, 500, 0.5, 0.0
Labelpropagation Algorithm, 500, 0.6, 0.0
Labelpropagation Algorithm, 500, 0.7000000000000001, 0.0
Louvain Algorithm, 250, 0.1, 1.0
Louvain Algorithm, 250, 0.2, 1.0
Louvain Algorithm, 250, 0.30000000000000004, 0.991106828099744
Louvain Algorithm, 250, 0.4, 0.8327199579469452
Louvain Algorithm, 500, 0.7000000000000001, 0.09156916121033776
Louvain Algorithm, 250, 0.6, 0.08359209727594
Louvain Algorithm, 250, 0.5, 0.34040918040349477
Louvain Algorithm, 500, 0.1, 1.0000000000000002
Louvain Algorithm, 250, 0.7000000000000001, 0.06666162579702406
Louvain Algorithm, 500, 0.2, 1.0
Louvain Algorithm, 500, 0.30000000000000004, 0.9967972841325322
Louvain Algorithm, 500, 0.4, 0.8923845652242225
Louvain Algorithm, 500, 0.5, 0.545043345671359
Louvain Algorithm, 500, 0.6, 0.03550382667330407
Labelpropagation Algorithm, 250, 0.1, 1.0
Labelpropagation Algorithm, 250, 0.2, 0.8144335832898653
Labelpropagation Algorithm, 250, 0.30000000000000004, 0.28528270022814134
Labelpropagation Algorithm, 250, 0.4, 0.0
Labelpropagation Algorithm, 250, 0.5, 0.0
Labelpropagation Algorithm, 250, 0.6, 0.0
Labelpropagation Algorithm, 250, 0.7000000000000001, 0.0
Labelpropagation Algorithm, 500, 0.1, 1.0000000000000002
Labelpropagation Algorithm, 500, 0.2, 0.8469863163996935
Labelpropagation Algorithm, 500, 0.30000000000000004, 0.8447460552948307
Labelpropagation Algorithm, 500, 0.4, 0.0
Labelpropagation Algorithm, 500, 0.5, 0.0
Labelpropagation Algorithm, 500, 0.6, 0.0
Labelpropagation Algorithm, 500, 0.7000000000000001, 0.0
Louvain Algorithm, 250, 0.1, 1.0
Louvain Algorithm, 250, 0.2, 0.9552392553111235
Louvain Algorithm, 250, 0.30000000000000004, 0.9614058248049563
Louvain Algorithm, 250, 0.4, 0.8170365804056906
Louvain Algorithm, 250, 0.5, 0.3480468801003654
Louvain Algorithm, 250, 0.6, 0.19509341742795092
Louvain Algorithm, 250, 0.7000000000000001, 0.06755325715754344
Louvain Algorithm, 500, 0.1, 1.0000000000000002
Louvain Algorithm, 500, 0.2, 1.0
Louvain Algorithm, 500, 0.7000000000000001, 0.11542134589779442
Louvain Algorithm, 500, 0.30000000000000004, 0.9395508117274992
Louvain Algorithm, 500, 0.4, 0.8748158885838512
Louvain Algorithm, 500, 0.5, 0.579444201077887
Louvain Algorithm, 500, 0.6, 0.19816665563489497
Labelpropagation Algorithm, 250, 0.1, 1.0
Labelpropagation Algorithm, 250, 0.2, 0.9477792753401777
Labelpropagation Algorithm, 250, 0.30000000000000004, 0.34045276738055474
Labelpropagation Algorithm, 250, 0.4, 0.0
Labelpropagation Algorithm, 250, 0.5, 0.0
Labelpropagation Algorithm, 250, 0.6, 0.0
Labelpropagation Algorithm, 250, 0.7000000000000001, 0.0
Labelpropagation Algorithm, 500, 0.1, 1.0000000000000002
Labelpropagation Algorithm, 500, 0.2, 0.9859908053617623
Labelpropagation Algorithm, 500, 0.30000000000000004, 0.9033139981396849
Labelpropagation Algorithm, 500, 0.4, 0.0
Labelpropagation Algorithm, 500, 0.5, 0.0
Labelpropagation Algorithm, 500, 0.6, 0.0
Labelpropagation Algorithm, 500, 0.7000000000000001, 0.0
Louvain Algorithm, 250, 0.1, 1.0
Louvain Algorithm, 250, 0.2, 1.0
Louvain Algorithm, 250, 0.30000000000000004, 0.991106828099744
Labelpropagation Algorithm, 250, 0.2, 0.6778063916258193
Labelpropagation Algorithm, 250, 0.30000000000000004, 0.0
Map Equation, 250, 0.1, 0.6797000999160842
Map Equation, 250, 0.2, 0.3674164932892459
Map Equation, 250, 0.30000000000000004, 0.282288974441621
Map Equation, 250, 0.4, 0.3325919994294051
Map Equation, 250, 0.5, 0.25529733928012877
Map Equation, 250, 0.6, 0.23236679498003235
Map Equation, 250, 0.7000000000000001, 0.21926952675994366
Map Equation, 500, 0.1, 0.6319122829046262
Map Equation, 500, 0.2, 0.3525983546324066
Map Equation, 500, 0.30000000000000004, 0.6074171303639704
Map Equation, 250, 0.1, 0.5219976515669852
Map Equation, 250, 0.2, 0.3190146114720805
Map Equation, 250, 0.30000000000000004, 0.27503052317769183
Map Equation, 250, 0.4, 0.3595561789626042
Map Equation, 250, 0.6, 0.2666633291990285
Map Equation, 250, 0.5, 0.22455230426822304
Map Equation, 250, 0.1, 0.4178591200790552
Map Equation, 250, 0.7000000000000001, 0.2224482984209338
Map Equation, 250, 0.2, 0.3034849755611098
Map Equation, 250, 0.30000000000000004, 0.4963032730076338
Map Equation, 250, 0.4, 0.3861359231062001
Map Equation, 250, 0.5, 0.30843701107128685
Map Equation, 250, 0.7000000000000001, 0.1432710944052929
Map Equation, 250, 0.6, 0.2616495592104819
Map Equation, 250, 0.1, 0.4964641334642457
Map Equation, 250, 0.2, 0.3354310431116972
Map Equation, 250, 0.30000000000000004, 0.21090063982390628
Map Equation, 250, 0.4, 0.38434798390012204
Map Equation, 250, 0.5, 0.3180559824903882
Map Equation, 250, 0.6, 0.12074994652232472
Map Equation, 250, 0.7000000000000001, 0.13619815118193979
Louvain Algorithm, 250, 0.1, 1.0
Louvain Algorithm, 250, 0.2, 1.0
Louvain Algorithm, 250, 0.30000000000000004, 0.991106828099744
Louvain Algorithm, 250, 0.4, 0.82881071897681
Louvain Algorithm, 250, 0.5, 0.3259925926345508
Louvain Algorithm, 250, 0.6, 0.19823299180221396
Louvain Algorithm, 250, 0.1, 1.0
Louvain Algorithm, 250, 0.2, 1.0
Louvain Algorithm, 250, 0.7000000000000001, 0.057393787901621536
Louvain Algorithm, 250, 0.30000000000000004, 0.9535255192068868
Louvain Algorithm, 250, 0.4, 0.8396114378913085
Louvain Algorithm, 250, 0.5, 0.3017894764976266
Louvain Algorithm, 250, 0.6, 0.163097216216877
Louvain Algorithm, 250, 0.1, 1.0
Louvain Algorithm, 250, 0.2, 1.0
Louvain Algorithm, 250, 0.30000000000000004, 0.991106828099744
Louvain Algorithm, 250, 0.7000000000000001, 0.08034020136576156
Louvain Algorithm, 250, 0.4, 0.7941675307681978
Louvain Algorithm, 250, 0.5, 0.3270762114287745
Louvain Algorithm, 250, 0.6, 0.14777658385715253
Louvain Algorithm, 250, 0.7000000000000001, 0.08165427655715186
Louvain Algorithm, 500, 0.1, 1.0000000000000002
Louvain Algorithm, 500, 0.1, 1.0000000000000002
Louvain Algorithm, 500, 0.2, 0.9767032290052955
Louvain Algorithm, 500, 0.2, 1.0
Louvain Algorithm, 500, 0.30000000000000004, 0.9967972841325322
Louvain Algorithm, 500, 0.30000000000000004, 0.9800301639934553
Louvain Algorithm, 500, 0.4, 0.9049702470546803
Louvain Algorithm, 500, 0.1, 1.0000000000000002
Louvain Algorithm, 500, 0.2, 0.9782464979429869
Louvain Algorithm, 500, 0.4, 0.9021870796723509
Louvain Algorithm, 500, 0.30000000000000004, 0.9967972841325322
Louvain Algorithm, 500, 0.5, 0.5603858394087858
Louvain Algorithm, 500, 0.7000000000000001, 0.0945527879497313
Louvain Algorithm, 500, 0.4, 0.9371491530397208
Louvain Algorithm, 500, 0.5, 0.625619475046783
Louvain Algorithm, 500, 0.7000000000000001, 0.1324486285332371
Louvain Algorithm, 500, 0.6, 0.2609054111603023
Louvain Algorithm, 500, 0.6, 0.18117001245955838
Louvain Algorithm, 500, 0.5, 0.5830582964611839
Louvain Algorithm, 500, 0.6, 0.27907499598162167
Louvain Algorithm, 500, 0.7000000000000001, 0.09706905234324548
Coverage Maximization, 250, 0.4, 0.0
Coverage Maximization, 250, 0.7000000000000001, 0.0
Coverage Maximization, 250, 0.5, 0.0
Coverage Maximization, 250, 0.1, 0.9099733423880261
Coverage Maximization, 250, 0.1, 1.0
Coverage Maximization, 250, 0.30000000000000004, 0.0
Coverage Maximization, 250, 0.4, 0.0
Coverage Maximization, 250, 0.6, 0.0
Coverage Maximization, 250, 0.2, 0.6778063916258193
Coverage Maximization, 250, 0.5, 0.0
Coverage Maximization, 250, 0.6, 0.0
Coverage Maximization, 250, 0.2, 0.0
Coverage Maximization, 250, 0.1, 0.9573655189428874
Coverage Maximization, 250, 0.7000000000000001, 0.0
Coverage Maximization, 250, 0.2, 0.723588642555478
Coverage Maximization, 250, 0.4, 0.0
Coverage Maximization, 250, 0.30000000000000004, 0.7302615751876407
Coverage Maximization, 250, 0.4, 0.0
Coverage Maximization, 250, 0.1, 0.9239224946588637
Coverage Maximization, 250, 0.5, 0.0
Coverage Maximization, 250, 0.7000000000000001, 0.0
Coverage Maximization, 250, 0.6, 0.0
Coverage Maximization, 250, 0.30000000000000004, 0.0
Coverage Maximization, 250, 0.2, 0.7011263122611248
Coverage Maximization, 250, 0.30000000000000004, 0.5538867632692135
Coverage Maximization, 250, 0.4, 0.0
Coverage Maximization, 250, 0.7000000000000001, 0.0
Coverage Maximization, 250, 0.5, 0.0
Coverage Maximization, 250, 0.6, 0.0
Coverage Maximization, 250, 0.1, 0.9477792753401777
Coverage Maximization, 250, 0.2, 0.5545074855608783
Coverage Maximization, 250, 0.30000000000000004, 0.0
Coverage Maximization, 250, 0.4, 0.0
Coverage Maximization, 250, 0.5, 0.0
Coverage Maximization, 250, 0.6, 0.0
Coverage Maximization, 250, 0.1, 0.8159460116665406
Coverage Maximization, 250, 0.7000000000000001, 0.0
Coverage Maximization, 250, 0.2, 0.9037750796722313
Coverage Maximization, 250, 0.4, 0.0
Coverage Maximization, 250, 0.5, 0.0
Coverage Maximization, 250, 0.6, 0.0
Coverage Maximization, 250, 0.1, 0.9552392553111235
Coverage Maximization, 250, 0.7000000000000001, 0.0
Coverage Maximization, 250, 0.30000000000000004, 0.5086309258452966
Coverage Maximization, 250, 0.2, 0.8055320745785903
Coverage Maximization, 250, 0.4, 0.0
Coverage Maximization, 250, 0.30000000000000004, 0.0
Coverage Maximization, 250, 0.6, 0.0
Coverage Maximization, 250, 0.5, 0.0
Coverage Maximization, 250, 0.7000000000000001, 0.0
Coverage Maximization, 500, 0.6, 0.0
Coverage Maximization, 500, 0.1, 0.9247929232637789
Coverage Maximization, 500, 0.1, 0.9349907324126981
Coverage Maximization, 500, 0.7000000000000001, 0.0
Coverage Maximization, 500, 0.2, 0.6853334213254346
Coverage Maximization, 500, 0.4, 0.0
Coverage Maximization, 500, 0.5, 0.0
Coverage Maximization, 500, 0.30000000000000004, 0.8129350039597382
Coverage Maximization, 500, 0.5, 0.0
Coverage Maximization, 500, 0.2, 0.8167475411951448
Coverage Maximization, 500, 0.6, 0.0
Coverage Maximization, 500, 0.7000000000000001, 0.0
Coverage Maximization, 500, 0.1, 0.9172537822985433
Coverage Maximization, 500, 0.4, 0.0
Coverage Maximization, 500, 0.2, 0.9259570520242761
Coverage Maximization, 500, 0.30000000000000004, 0.8734793185863
Coverage Maximization, 500, 0.5, 0.0
Coverage Maximization, 500, 0.1, 0.9673085278487394
Coverage Maximization, 500, 0.7000000000000001, 0.0
Coverage Maximization, 500, 0.6, 0.0
Coverage Maximization, 500, 0.4, 0.0
Coverage Maximization, 500, 0.2, 0.9008240862763988
Coverage Maximization, 500, 0.30000000000000004, 0.0
Coverage Maximization, 500, 0.30000000000000004, 0.6832906973553325
Coverage Maximization, 500, 0.4, 0.0
Coverage Maximization, 500, 0.1, 0.898293683552552
Coverage Maximization, 500, 0.7000000000000001, 0.0
Coverage Maximization, 500, 0.5, 0.0
Coverage Maximization, 500, 0.6, 0.0
Coverage Maximization, 500, 0.2, 0.6502264932535122
Coverage Maximization, 500, 0.4, 0.0
Coverage Maximization, 500, 0.5, 0.0
Coverage Maximization, 500, 0.1, 0.9346606039205463
Coverage Maximization, 500, 0.7000000000000001, 0.0
Coverage Maximization, 500, 0.6, 0.0
Coverage Maximization, 500, 0.2, 0.9263432175691602
Coverage Maximization, 500, 0.4, 0.0
Coverage Maximization, 500, 0.30000000000000004, 0.0
Coverage Maximization, 500, 0.5, 0.0
Coverage Maximization, 500, 0.1, 0.938735687807053
Coverage Maximization, 500, 0.7000000000000001, 0.0
Coverage Maximization, 500, 0.30000000000000004, 0.5705590217262542
Coverage Maximization, 500, 0.6, 0.0
Coverage Maximization, 500, 0.2, 0.8451080288104457
Coverage Maximization, 500, 0.4, 0.0
Coverage Maximization, 500, 0.7000000000000001, 0.0
Coverage Maximization, 500, 0.5, 0.0
Coverage Maximization, 500, 0.6, 0.0
Coverage Maximization, 500, 0.30000000000000004, 0.0
Flake Maximization, 250, 0.1, 0.5384428449381988
Flake Maximization, 250, 0.1, 0.5384428449381988
Flake Maximization, 250, 0.2, 0.5384428449381987
Flake Maximization, 250, 0.30000000000000004, 0.5384428449381988
Flake Maximization, 250, 0.4, 0.5384428449381987
Flake Maximization, 250, 0.6, 0.5384428449381988
Flake Maximization, 250, 0.7000000000000001, 0.5384428449381988
Flake Maximization, 250, 0.5, 0.5384428449381987
Flake Maximization, 250, 0.2, 0.5384428449381987
Flake Maximization, 250, 0.30000000000000004, 0.5384428449381988
Flake Maximization, 250, 0.4, 0.5384428449381987
Flake Maximization, 250, 0.1, 0.5384428449381988
Flake Maximization, 250, 0.2, 0.5384428449381987
Flake Maximization, 250, 0.5, 0.5384428449381987
Flake Maximization, 250, 0.7000000000000001, 0.5384428449381988
Flake Maximization, 250, 0.6, 0.5384428449381988
Flake Maximization, 250, 0.30000000000000004, 0.5384428449381988
Flake Maximization, 250, 0.1, 0.5384428449381988
Flake Maximization, 250, 0.4, 0.5384428449381987
Flake Maximization, 250, 0.6, 0.5384428449381988
Flake Maximization, 250, 0.7000000000000001, 0.5384428449381988
Flake Maximization, 250, 0.5, 0.5384428449381987
Flake Maximization, 250, 0.2, 0.5384428449381987
Flake Maximization, 250, 0.30000000000000004, 0.5384428449381988
Flake Maximization, 250, 0.4, 0.5384428449381987
Flake Maximization, 250, 0.1, 0.5384428449381988
Flake Maximization, 250, 0.2, 0.5384428449381987
Flake Maximization, 250, 0.5, 0.5384428449381987
Flake Maximization, 250, 0.6, 0.5384428449381988
Flake Maximization, 250, 0.30000000000000004, 0.5384428449381988
Flake Maximization, 250, 0.7000000000000001, 0.5384428449381988
Flake Maximization, 250, 0.4, 0.5384428449381987
Flake Maximization, 250, 0.1, 0.5384428449381988
Flake Maximization, 250, 0.5, 0.5384428449381987
Flake Maximization, 250, 0.2, 0.5384428449381987
Flake Maximization, 250, 0.6, 0.5384428449381988
Flake Maximization, 250, 0.7000000000000001, 0.5384428449381988
Flake Maximization, 250, 0.30000000000000004, 0.5384428449381988
Flake Maximization, 250, 0.4, 0.5384428449381987
Flake Maximization, 250, 0.5, 0.5384428449381987
Flake Maximization, 250, 0.1, 0.5384428449381988
Flake Maximization, 250, 0.2, 0.5384428449381987
Flake Maximization, 250, 0.6, 0.5384428449381988
Flake Maximization, 250, 0.7000000000000001, 0.5384428449381988
Flake Maximization, 250, 0.30000000000000004, 0.5384428449381988
Flake Maximization, 250, 0.4, 0.5384428449381987
Flake Maximization, 250, 0.6, 0.5384428449381988
Flake Maximization, 250, 0.5, 0.5384428449381987
Flake Maximization, 250, 0.1, 0.5384428449381988
Flake Maximization, 250, 0.2, 0.5384428449381987
Flake Maximization, 250, 0.7000000000000001, 0.5384428449381988
Flake Maximization, 250, 0.30000000000000004, 0.5384428449381988
Flake Maximization, 250, 0.4, 0.5384428449381987
Flake Maximization, 250, 0.5, 0.5384428449381987
Flake Maximization, 250, 0.6, 0.5384428449381988
Flake Maximization, 250, 0.7000000000000001, 0.5384428449381988
Flake Maximization, 250, 0.1, 0.5384428449381988
Flake Maximization, 250, 0.2, 0.5384428449381987
Flake Maximization, 250, 0.30000000000000004, 0.5384428449381988
Flake Maximization, 250, 0.4, 0.5384428449381987
Flake Maximization, 250, 0.5, 0.5384428449381987
Flake Maximization, 250, 0.1, 0.5384428449381988
Flake Maximization, 250, 0.6, 0.5384428449381988
Flake Maximization, 250, 0.7000000000000001, 0.5384428449381988
Flake Maximization, 250, 0.2, 0.5384428449381987
Flake Maximization, 250, 0.30000000000000004, 0.5384428449381988
Flake Maximization, 250, 0.4, 0.5384428449381987
Flake Maximization, 250, 0.5, 0.5384428449381987
Flake Maximization, 250, 0.6, 0.5384428449381988
Flake Maximization, 250, 0.7000000000000001, 0.5384428449381988
Flake Maximization, 250, 0.1, 0.5384428449381988
Flake Maximization, 250, 0.1, 0.5384428449381988
Flake Maximization, 250, 0.2, 0.5384428449381987
Flake Maximization, 250, 0.30000000000000004, 0.5384428449381988
Flake Maximization, 250, 0.6, 0.5384428449381988
Flake Maximization, 250, 0.4, 0.5384428449381987
Flake Maximization, 250, 0.7000000000000001, 0.5384428449381988
Flake Maximization, 250, 0.5, 0.5384428449381987
Flake Maximization, 250, 0.2, 0.5384428449381987
Flake Maximization, 250, 0.30000000000000004, 0.5384428449381988
Flake Maximization, 250, 0.1, 0.5384428449381988
Flake Maximization, 250, 0.4, 0.5384428449381987
Flake Maximization, 250, 0.2, 0.5384428449381987
Flake Maximization, 250, 0.5, 0.5384428449381987
Flake Maximization, 250, 0.7000000000000001, 0.5384428449381988
Flake Maximization, 250, 0.6, 0.5384428449381988
Flake Maximization, 250, 0.30000000000000004, 0.5384428449381988
Flake Maximization, 250, 0.4, 0.5384428449381987
Flake Maximization, 250, 0.1, 0.5384428449381988
Flake Maximization, 250, 0.2, 0.5384428449381987
Flake Maximization, 250, 0.5, 0.5384428449381987
Flake Maximization, 250, 0.6, 0.5384428449381988
Flake Maximization, 250, 0.7000000000000001, 0.5384428449381988
Flake Maximization, 250, 0.30000000000000004, 0.5384428449381988
Flake Maximization, 250, 0.4, 0.5384428449381987
Flake Maximization, 250, 0.1, 0.5384428449381988
Flake Maximization, 250, 0.5, 0.5384428449381987
Flake Maximization, 250, 0.2, 0.5384428449381987
Flake Maximization, 250, 0.6, 0.5384428449381988
Flake Maximization, 250, 0.7000000000000001, 0.5384428449381988
Flake Maximization, 250, 0.30000000000000004, 0.5384428449381988
Flake Maximization, 250, 0.4, 0.5384428449381987
Flake Maximization, 250, 0.1, 0.5384428449381988
Flake Maximization, 250, 0.5, 0.5384428449381987
Flake Maximization, 250, 0.2, 0.5384428449381987
Flake Maximization, 250, 0.6, 0.5384428449381988
Flake Maximization, 250, 0.7000000000000001, 0.5384428449381988
Flake Maximization, 250, 0.30000000000000004, 0.5384428449381988
Flake Maximization, 250, 0.4, 0.5384428449381987
Flake Maximization, 250, 0.5, 0.5384428449381987
Flake Maximization, 250, 0.1, 0.5384428449381988
Flake Maximization, 250, 0.2, 0.5384428449381987
Flake Maximization, 250, 0.6, 0.5384428449381988
Flake Maximization, 250, 0.30000000000000004, 0.5384428449381988
Flake Maximization, 250, 0.7000000000000001, 0.5384428449381988
Flake Maximization, 250, 0.4, 0.5384428449381987
Flake Maximization, 250, 0.5, 0.5384428449381987
Flake Maximization, 250, 0.6, 0.5384428449381988
Flake Maximization, 250, 0.1, 0.5384428449381988
Flake Maximization, 250, 0.2, 0.5384428449381987
Flake Maximization, 250, 0.7000000000000001, 0.5384428449381988
Flake Maximization, 250, 0.30000000000000004, 0.5384428449381988
Flake Maximization, 250, 0.4, 0.5384428449381987
Flake Maximization, 250, 0.5, 0.5384428449381987
Flake Maximization, 250, 0.7000000000000001, 0.5384428449381988
Flake Maximization, 250, 0.6, 0.5384428449381988
Flake Maximization, 250, 0.1, 0.5384428449381988
Flake Maximization, 250, 0.2, 0.5384428449381987
Flake Maximization, 250, 0.30000000000000004, 0.5384428449381988
Flake Maximization, 250, 0.4, 0.5384428449381987
Flake Maximization, 250, 0.5, 0.5384428449381987
Flake Maximization, 250, 0.1, 0.5384428449381988
Flake Maximization, 250, 0.6, 0.5384428449381988
Flake Maximization, 250, 0.7000000000000001, 0.5384428449381988
Flake Maximization, 250, 0.2, 0.5384428449381987
Flake Maximization, 250, 0.30000000000000004, 0.5384428449381988
Flake Maximization, 250, 0.4, 0.5384428449381987
Flake Maximization, 250, 0.5, 0.5384428449381987
Flake Maximization, 250, 0.6, 0.5384428449381988
Flake Maximization, 250, 0.7000000000000001, 0.5384428449381988
Flake Maximization, 250, 0.1, 0.5384428449381988
Flake Maximization, 250, 0.1, 0.5384428449381988
Flake Maximization, 250, 0.2, 0.5384428449381987
Flake Maximization, 250, 0.30000000000000004, 0.5384428449381988
Flake Maximization, 250, 0.7000000000000001, 0.5384428449381988
Flake Maximization, 250, 0.6, 0.5384428449381988
Flake Maximization, 250, 0.4, 0.5384428449381987
Flake Maximization, 250, 0.5, 0.5384428449381987
Flake Maximization, 250, 0.2, 0.5384428449381987
Flake Maximization, 250, 0.30000000000000004, 0.5384428449381988
Flake Maximization, 250, 0.1, 0.5384428449381988
Flake Maximization, 250, 0.4, 0.5384428449381987
Flake Maximization, 250, 0.2, 0.5384428449381987
Flake Maximization, 250, 0.5, 0.5384428449381987
Flake Maximization, 250, 0.7000000000000001, 0.5384428449381988
Flake Maximization, 250, 0.6, 0.5384428449381988
Flake Maximization, 250, 0.30000000000000004, 0.5384428449381988
Flake Maximization, 250, 0.1, 0.5384428449381988
Flake Maximization, 250, 0.4, 0.5384428449381987
Flake Maximization, 250, 0.5, 0.5384428449381987
Flake Maximization, 250, 0.6, 0.5384428449381988
Flake Maximization, 250, 0.7000000000000001, 0.5384428449381988
Flake Maximization, 250, 0.2, 0.5384428449381987
Flake Maximization, 250, 0.30000000000000004, 0.5384428449381988
Flake Maximization, 250, 0.4, 0.5384428449381987
Flake Maximization, 250, 0.1, 0.5384428449381988
Flake Maximization, 250, 0.2, 0.5384428449381987
Flake Maximization, 250, 0.6, 0.5384428449381988
Flake Maximization, 250, 0.5, 0.5384428449381987
Flake Maximization, 250, 0.30000000000000004, 0.5384428449381988
Flake Maximization, 250, 0.7000000000000001, 0.5384428449381988
Flake Maximization, 250, 0.4, 0.5384428449381987
Flake Maximization, 250, 0.1, 0.5384428449381988
Flake Maximization, 250, 0.5, 0.5384428449381987
Flake Maximization, 250, 0.2, 0.5384428449381987
Flake Maximization, 250, 0.6, 0.5384428449381988
Flake Maximization, 250, 0.7000000000000001, 0.5384428449381988
Flake Maximization, 250, 0.30000000000000004, 0.5384428449381988
Flake Maximization, 250, 0.4, 0.5384428449381987
Flake Maximization, 250, 0.5, 0.5384428449381987
Flake Maximization, 250, 0.1, 0.5384428449381988
Flake Maximization, 250, 0.2, 0.5384428449381987
Flake Maximization, 250, 0.7000000000000001, 0.5384428449381988
Flake Maximization, 250, 0.6, 0.5384428449381988
Flake Maximization, 250, 0.30000000000000004, 0.5384428449381988
Flake Maximization, 250, 0.4, 0.5384428449381987
Flake Maximization, 250, 0.5, 0.5384428449381987
Flake Maximization, 250, 0.6, 0.5384428449381988
Flake Maximization, 250, 0.1, 0.5384428449381988
Flake Maximization, 250, 0.7000000000000001, 0.5384428449381988
Flake Maximization, 250, 0.2, 0.5384428449381987
Flake Maximization, 250, 0.30000000000000004, 0.5384428449381988
Flake Maximization, 250, 0.4, 0.5384428449381987
Flake Maximization, 250, 0.5, 0.5384428449381987
Flake Maximization, 250, 0.6, 0.5384428449381988
Flake Maximization, 250, 0.7000000000000001, 0.5384428449381988
Flake Maximization, 250, 0.1, 0.5384428449381988
Flake Maximization, 250, 0.2, 0.5384428449381987
Flake Maximization, 250, 0.30000000000000004, 0.5384428449381988
Flake Maximization, 250, 0.4, 0.5384428449381987
Flake Maximization, 250, 0.5, 0.5384428449381987
Flake Maximization, 250, 0.6, 0.5384428449381988
Flake Maximization, 250, 0.1, 0.5384428449381988
Flake Maximization, 250, 0.7000000000000001, 0.5384428449381988
Flake Maximization, 250, 0.2, 0.5384428449381987
Flake Maximization, 250, 0.30000000000000004, 0.5384428449381988
Flake Maximization, 250, 0.4, 0.5384428449381987
Flake Maximization, 250, 0.5, 0.5384428449381987
Flake Maximization, 250, 0.6, 0.5384428449381988
Flake Maximization, 250, 0.7000000000000001, 0.5384428449381988
Conductance Maximization, 250, 0.1, 0.12414051666533095
Conductance Maximization, 250, 0.2, 0.0951484365412197
Glove Maximization, 250, 0.1, 0.8391849318693154
Glove Maximization, 250, 0.2, 0.7432623650961592
Glove Maximization, 250, 0.30000000000000004, 0.6597472934746277
Glove Maximization, 250, 0.5, 0.16593048212247466
Glove Maximization, 250, 0.6, 0.056023474552590526
Glove Maximization, 250, 0.7000000000000001, 0.0634432038219522
Glove Maximization, 250, 0.4, 0.36944096840698176
Glove Maximization, 500, 0.1, 0.7721142277132713
Glove Maximization, 500, 0.30000000000000004, 0.7730208052054327
Glove Maximization, 500, 0.2, 0.32419090991372956
Glove Maximization, 250, 0.2, 0.7513731656157261
Glove Maximization, 250, 0.30000000000000004, 0.5542114254975338
Glove Maximization, 250, 0.1, 0.6866183971157322
Glove Maximization, 500, 0.6, 0.13709920373214274
Glove Maximization, 500, 0.7000000000000001, 0.07885448542495183
Glove Maximization, 500, 0.5, 0.3314417422566592
Glove Maximization, 250, 0.4, 0.38526336752584756
Glove Maximization, 500, 0.4, 0.713048520593069
Glove Maximization, 250, 0.6, 0.04656536447904204
Glove Maximization, 250, 0.5, 0.1991819045074425
Glove Maximization, 250, 0.7000000000000001, 0.08049525938201371
Glove Maximization, 500, 0.2, 0.8071021652618136
Glove Maximization, 500, 0.1, 0.7669862009737604
Glove Maximization, 250, 0.1, 0.725063694490789
Glove Maximization, 250, 0.2, 0.7315394591970718
Glove Maximization, 250, 0.30000000000000004, 0.661378688152684
Glove Maximization, 500, 0.30000000000000004, 0.7619323716799137
Glove Maximization, 500, 0.6, 0.1585275288161432
Glove Maximization, 500, 0.7000000000000001, 0.11834786273562392
Glove Maximization, 500, 0.4, 0.6699795513334594
Glove Maximization, 500, 0.5, 0.35984865638827906
Glove Maximization, 250, 0.7000000000000001, 0.0699239825944316
Glove Maximization, 250, 0.6, 0.07514241316493583
Glove Maximization, 250, 0.5, 0.1754266539768353
Glove Maximization, 250, 0.4, 0.37107494764772414
Glove Maximization, 500, 0.1, 0.7943039535390044
Glove Maximization, 250, 0.2, 0.7700584139518516
Glove Maximization, 250, 0.1, 0.78150621658697
Glove Maximization, 250, 0.30000000000000004, 0.6380466478137363
Glove Maximization, 500, 0.2, 0.8411950531425298
Glove Maximization, 500, 0.30000000000000004, 0.8468217895806819
Glove Maximization, 500, 0.4, 0.7160070082114689
Glove Maximization, 500, 0.5, 0.3592815119980301
Glove Maximization, 500, 0.6, 0.14545001466699053
Glove Maximization, 500, 0.7000000000000001, 0.0675441391662591
Glove Maximization, 250, 0.7000000000000001, 0.032164095483986556
Glove Maximization, 250, 0.6, 0.09145159217611931
Glove Maximization, 250, 0.4, 0.41487588383967994
Glove Maximization, 250, 0.5, 0.15409923028952496
Glove Maximization, 500, 0.1, 0.7673501012216001
Glove Maximization, 250, 0.1, 0.7884094033216913
Glove Maximization, 250, 0.2, 0.7267805490920033
Glove Maximization, 500, 0.2, 0.8063751603001917
Glove Maximization, 250, 0.30000000000000004, 0.6849417588811312
Glove Maximization, 500, 0.30000000000000004, 0.8066251091545382
Glove Maximization, 500, 0.4, 0.5818927157185437
Glove Maximization, 500, 0.5, 0.34559268903794765
Glove Maximization, 500, 0.6, 0.06243021018949595
Glove Maximization, 250, 0.5, 0.10479938231042496
Glove Maximization, 250, 0.6, 0.07612010766945125
Glove Maximization, 500, 0.7000000000000001, 0.008393651825875464
Glove Maximization, 250, 0.4, 0.46360032662717116
Glove Maximization, 250, 0.7000000000000001, 0.012621716850302203
Glove Maximization, 500, 0.1, 0.8529980698175129
Glove Maximization, 500, 0.2, 0.31869044783498046
Glove Maximization, 500, 0.30000000000000004, 0.789513962775585
Glove Maximization, 250, 0.1, 0.8110425881716505
Glove Maximization, 250, 0.2, 0.7976395741877426
Glove Maximization, 250, 0.30000000000000004, 0.6781229672493161
Glove Maximization, 500, 0.5, 0.2297745670471321
Glove Maximization, 250, 0.4, 0.36477434228454425
Glove Maximization, 500, 0.4, 0.6627407627456336
Glove Maximization, 250, 0.5, 0.172606289645932
Glove Maximization, 250, 0.6, 0.06331897244357873
Glove Maximization, 500, 0.6, 0.1025075877655099
Glove Maximization, 500, 0.7000000000000001, 0.10209814353821345
Glove Maximization, 250, 0.7000000000000001, 0.056442168667335875
Glove Maximization, 500, 0.1, 0.820185180834613
Glove Maximization, 500, 0.2, 0.8189635315783484
Glove Maximization, 500, 0.30000000000000004, 0.8212063374128403
Glove Maximization, 500, 0.6, 0.12547648170311507
Glove Maximization, 500, 0.5, 0.32464543220604636
Glove Maximization, 500, 0.4, 0.6135148742207686
Glove Maximization, 250, 0.2, 0.7204052730539781
Glove Maximization, 250, 0.1, 0.7674830979515532
Glove Maximization, 250, 0.30000000000000004, 0.46762997192181244
Glove Maximization, 500, 0.7000000000000001, 0.014555327191838703
Glove Maximization, 250, 0.4, 0.4230183182889989
Glove Maximization, 250, 0.5, 0.04285444652336843
Glove Maximization, 250, 0.6, 0.07403563359660256
Glove Maximization, 250, 0.7000000000000001, 0.04758257070230097
Glove Maximization, 500, 0.1, 0.8470951729657079
Glove Maximization, 500, 0.2, 0.8408109864821541
Glove Maximization, 500, 0.4, 0.6853209889217211
Glove Maximization, 500, 0.30000000000000004, 0.31369280231066804
Glove Maximization, 250, 0.1, 0.8042208468509936
Glove Maximization, 500, 0.5, 0.054326085795037005
Glove Maximization, 250, 0.30000000000000004, 0.6339964779908318
Glove Maximization, 250, 0.2, 0.4100961729794828
Glove Maximization, 250, 0.5, 0.12264180451260985
Glove Maximization, 250, 0.4, 0.42373533297311455
Glove Maximization, 500, 0.6, 0.025538331559640807
Glove Maximization, 500, 0.7000000000000001, 0.10299304381002433
Glove Maximization, 250, 0.6, 0.09658056898561061
Glove Maximization, 250, 0.7000000000000001, 0.07013025341999071
Glove Maximization, 500, 0.1, 0.8344205134176104
Glove Maximization, 250, 0.1, 0.7894405760841658
Glove Maximization, 500, 0.30000000000000004, 0.7298904691036083
Glove Maximization, 500, 0.2, 0.805301783005384
Glove Maximization, 250, 0.2, 0.6787026527725839
Glove Maximization, 250, 0.30000000000000004, 0.4837734885477278
Glove Maximization, 500, 0.4, 0.6917113968807991
Glove Maximization, 500, 0.5, 0.3454567174202869
Glove Maximization, 500, 0.6, 0.14302791541984375
Glove Maximization, 500, 0.7000000000000001, 0.08944470958289175
Glove Maximization, 250, 0.6, 0.033430016608054794
Glove Maximization, 250, 0.4, 0.09523642324243972
Glove Maximization, 250, 0.7000000000000001, 0.06266557072376475
Glove Maximization, 250, 0.5, 0.16627937233243287
Glove Maximization, 500, 0.1, 0.7972326035455447
Glove Maximization, 500, 0.2, 0.8370609355416955
Glove Maximization, 500, 0.30000000000000004, 0.748961830519335
Glove Maximization, 250, 0.1, 0.8025819747918923
Glove Maximization, 500, 0.5, 0.3491675238151497
Glove Maximization, 500, 0.4, 0.6285186439844428
Glove Maximization, 250, 0.30000000000000004, 0.5821946909429456
Glove Maximization, 500, 0.6, 0.19191329644195199
Glove Maximization, 250, 0.4, 0.3529769386183625
Glove Maximization, 250, 0.5, 0.20943695203570725
Glove Maximization, 250, 0.2, 0.29454190403185926
Glove Maximization, 500, 0.7000000000000001, 0.11056641361186578
Glove Maximization, 250, 0.6, 0.0617636487637945
Glove Maximization, 250, 0.7000000000000001, 0.05222647536624038
Glove Maximization, 500, 0.1, 0.8205675378522149
Glove Maximization, 500, 0.2, 0.8628979052626049
Glove Maximization, 500, 0.30000000000000004, 0.8116216754271459
Glove Maximization, 500, 0.4, 0.6265629387418723
Glove Maximization, 500, 0.5, 0.3520015694896547
Glove Maximization, 500, 0.6, 0.026513696443224946
Glove Maximization, 500, 0.7000000000000001, 0.13569003965855753
